device_name,timestamp_ms,value,datetime,year,month
PSP,1101877200000,468888,2004-12-01 05:00:00,2004,12
PSP,1104555600000,260289,2005-01-01 05:00:00,2005,1
PSP,1107234000000,186082,2005-02-01 05:00:00,2005,2
PSP,1109653200000,896426,2005-03-01 05:00:00,2005,3
PSP,1112331600000,566890,2005-04-01 05:00:00,2005,4
PSP,1114920000000,435346,2005-05-01 04:00:00,2005,5
PSP,1117598400000,493837,2005-06-01 04:00:00,2005,6
PSP,1120190400000,326961,2005-07-01 04:00:00,2005,7
PSP,1122868800000,290192,2005-08-01 04:00:00,2005,8
PSP,1125547200000,1436428,2005-09-01 04:00:00,2005,9
PSP,1128139200000,547927,2005-10-01 04:00:00,2005,10
PSP,1130821200000,1029161,2005-11-01 05:00:00,2005,11
PSP,1133413200000,3143807,2005-12-01 05:00:00,2005,12
PSP,1136091600000,802462,2006-01-01 05:00:00,2006,1
PSP,1138770000000,634268,2006-02-01 05:00:00,2006,2
PSP,1141189200000,767860,2006-03-01 05:00:00,2006,3
PSP,1143867600000,684913,2006-04-01 05:00:00,2006,4
PSP,1146456000000,642330,2006-05-01 04:00:00,2006,5
PSP,1149134400000,697049,2006-06-01 04:00:00,2006,6
PSP,1151726400000,549421,2006-07-01 04:00:00,2006,7
PSP,1154404800000,502527,2006-08-01 04:00:00,2006,8
PSP,1157083200000,511825,2006-09-01 04:00:00,2006,9
PSP,1159675200000,392048,2006-10-01 04:00:00,2006,10
PSP,1162357200000,857453,2006-11-01 05:00:00,2006,11
PSP,1164949200000,2446428,2006-12-01 05:00:00,2006,12
PSP,1167627600000,780382,2007-01-01 05:00:00,2007,1
PSP,1170306000000,668197,2007-02-01 05:00:00,2007,2
PSP,1172725200000,768658,2007-03-01 05:00:00,2007,3
PSP,1175400000000,626827,2007-04-01 04:00:00,2007,4
PSP,1177992000000,862300,2007-05-01 04:00:00,2007,5
PSP,1180670400000,953962,2007-06-01 04:00:00,2007,6
PSP,1183262400000,714778,2007-07-01 04:00:00,2007,7
PSP,1185940800000,590211,2007-08-01 04:00:00,2007,8
PSP,1188619200000,1428702,2007-09-01 04:00:00,2007,9
PSP,1191211200000,1050244,2007-10-01 04:00:00,2007,10
PSP,1193889600000,1218387,2007-11-01 04:00:00,2007,11
PSP,1196485200000,3151649,2007-12-01 05:00:00,2007,12
PSP,1199163600000,1450658,2008-01-01 05:00:00,2008,1
PSP,1201842000000,892974,2008-02-01 05:00:00,2008,2
PSP,1204347600000,1289492,2008-03-01 05:00:00,2008,3
PSP,1207022400000,953846,2008-04-01 04:00:00,2008,4
PSP,1209614400000,784344,2008-05-01 04:00:00,2008,5
PSP,1212292800000,1108337,2008-06-01 04:00:00,2008,6
PSP,1214884800000,962699,2008-07-01 04:00:00,2008,7
PSP,1217563200000,853878,2008-08-01 04:00:00,2008,8
PSP,1220241600000,725075,2008-09-01 04:00:00,2008,9
PSP,1222833600000,842766,2008-10-01 04:00:00,2008,10
PSP,1225512000000,1191473,2008-11-01 04:00:00,2008,11
PSP,1228107600000,2992861,2008-12-01 05:00:00,2008,12
PSP,1230786000000,818357,2009-01-01 05:00:00,2009,1
PSP,1233464400000,634838,2009-02-01 05:00:00,2009,2
PSP,1235883600000,859444,2009-03-01 05:00:00,2009,3
PSP,1238558400000,575378,2009-04-01 04:00:00,2009,4
PSP,1241150400000,502528,2009-05-01 04:00:00,2009,5
PSP,1243828800000,661715,2009-06-01 04:00:00,2009,6
PSP,1246420800000,567460,2009-07-01 04:00:00,2009,7
PSP,1249099200000,532743,2009-08-01 04:00:00,2009,8
PSP,1251777600000,654201,2009-09-01 04:00:00,2009,9
PSP,1254369600000,702281,2009-10-01 04:00:00,2009,10
PSP,1257048000000,1005475,2009-11-01 04:00:00,2009,11
PSP,1259643600000,2400675,2009-12-01 05:00:00,2009,12
PSP,1262322000000,896274,2010-01-01 05:00:00,2010,1
PSP,1265000400000,564118,2010-02-01 05:00:00,2010,2
PSP,1267419600000,716428,2010-03-01 05:00:00,2010,3
PSP,1270094400000,485877,2010-04-01 04:00:00,2010,4
PSP,1272686400000,450947,2010-05-01 04:00:00,2010,5
PSP,1275364800000,622971,2010-06-01 04:00:00,2010,6
PSP,1277956800000,519829,2010-07-01 04:00:00,2010,7
PSP,1280635200000,507415,2010-08-01 04:00:00,2010,8
PSP,1283313600000,633698,2010-09-01 04:00:00,2010,9
PSP,1285905600000,483099,2010-10-01 04:00:00,2010,10
PSP,1288584000000,883240,2010-11-01 04:00:00,2010,11
PSP,1291179600000,2389030,2010-12-01 05:00:00,2010,12
PSP,1293858000000,639144,2011-01-01 05:00:00,2011,1
PSP,1296536400000,615656,2011-02-01 05:00:00,2011,2
PSP,1298955600000,694541,2011-03-01 05:00:00,2011,3
PSP,1301630400000,515839,2011-04-01 04:00:00,2011,4
PSP,1304222400000,538592,2011-05-01 04:00:00,2011,5
PSP,1306900800000,613579,2011-06-01 04:00:00,2011,6
PSP,1309492800000,483792,2011-07-01 04:00:00,2011,7
PSP,1312171200000,495288,2011-08-01 04:00:00,2011,8
PSP,1314849600000,505314,2011-09-01 04:00:00,2011,9
PSP,1317441600000,423685,2011-10-01 04:00:00,2011,10
PSP,1320120000000,632307,2011-11-01 04:00:00,2011,11
PSP,1322715600000,1360966,2011-12-01 05:00:00,2011,12
PSP,1325394000000,479955,2012-01-01 05:00:00,2012,1
PSP,1328072400000,347788,2012-02-01 05:00:00,2012,2
PSP,1330578000000,387495,2012-03-01 05:00:00,2012,3
PSP,1333252800000,275755,2012-04-01 04:00:00,2012,4
PSP,1335844800000,241881,2012-05-01 04:00:00,2012,5
PSP,1338523200000,272961,2012-06-01 04:00:00,2012,6
PSP,1341115200000,229711,2012-07-01 04:00:00,2012,7
PSP,1343793600000,216156,2012-08-01 04:00:00,2012,8
PSP,1346472000000,259312,2012-09-01 04:00:00,2012,9
PSP,1349064000000,217900,2012-10-01 04:00:00,2012,10
PSP,1351742400000,372092,2012-11-01 04:00:00,2012,11
PSP,1354338000000,927717,2012-12-01 05:00:00,2012,12
PSP,1357016400000,448328,2013-01-01 05:00:00,2013,1
PSP,1359694800000,219503,2013-02-01 05:00:00,2013,2
PSP,1362114000000,251037,2013-03-01 05:00:00,2013,3
PSP,1364788800000,162130,2013-04-01 04:00:00,2013,4
PSP,1367380800000,150373,2013-05-01 04:00:00,2013,5
PSP,1370059200000,186673,2013-06-01 04:00:00,2013,6
PSP,1372651200000,142039,2013-07-01 04:00:00,2013,7
PSP,1375329600000,141161,2013-08-01 04:00:00,2013,8
PSP,1378008000000,153390,2013-09-01 04:00:00,2013,9
PSP,1380600000000,116433,2013-10-01 04:00:00,2013,10
PSP,1383278400000,346110,2013-11-01 04:00:00,2013,11
PSP,1385874000000,653295,2013-12-01 05:00:00,2013,12
PSP,1388552400000,154076,2014-01-01 05:00:00,2014,1
PSP,1391230800000,93851,2014-02-01 05:00:00,2014,2
PSP,1393650000000,93603,2014-03-01 05:00:00,2014,3
PSP,1396324800000,56283,2014-04-01 04:00:00,2014,4
PSP,1398916800000,47800,2014-05-01 04:00:00,2014,5
PSP,1401595200000,77414,2014-06-01 04:00:00,2014,6
PSP,1404187200000,29333,2014-07-01 04:00:00,2014,7
PSP,1406865600000,22080,2014-08-01 04:00:00,2014,8
Wii,1162357200000,529658,2006-11-01 05:00:00,2006,11
Wii,1164949200000,2425123,2006-12-01 05:00:00,2006,12
Wii,1167627600000,1052368,2007-01-01 05:00:00,2007,1
Wii,1170306000000,901683,2007-02-01 05:00:00,2007,2
Wii,1172725200000,929224,2007-03-01 05:00:00,2007,3
Wii,1175400000000,928230,2007-04-01 04:00:00,2007,4
Wii,1177992000000,1003935,2007-05-01 04:00:00,2007,5
Wii,1180670400000,1275529,2007-06-01 04:00:00,2007,6
Wii,1183262400000,1123679,2007-07-01 04:00:00,2007,7
Wii,1185940800000,1082921,2007-08-01 04:00:00,2007,8
Wii,1188619200000,1174282,2007-09-01 04:00:00,2007,9
Wii,1191211200000,1053054,2007-10-01 04:00:00,2007,10
Wii,1193889600000,1713088,2007-11-01 04:00:00,2007,11
Wii,1196485200000,4315296,2007-12-01 05:00:00,2007,12
Wii,1199163600000,1474441,2008-01-01 05:00:00,2008,1
Wii,1201842000000,1214433,2008-02-01 05:00:00,2008,2
Wii,1204347600000,1635765,2008-03-01 05:00:00,2008,3
Wii,1207022400000,1657003,2008-04-01 04:00:00,2008,4
Wii,1209614400000,1610925,2008-05-01 04:00:00,2008,5
Wii,1212292800000,1811899,2008-06-01 04:00:00,2008,6
Wii,1214884800000,1344880,2008-07-01 04:00:00,2008,7
Wii,1217563200000,1195319,2008-08-01 04:00:00,2008,8
Wii,1220241600000,1448630,2008-09-01 04:00:00,2008,9
Wii,1222833600000,1603421,2008-10-01 04:00:00,2008,10
Wii,1225512000000,3417137,2008-11-01 04:00:00,2008,11
Wii,1228107600000,5673205,2008-12-01 05:00:00,2008,12
Wii,1230786000000,1573017,2009-01-01 05:00:00,2009,1
Wii,1233464400000,1376573,2009-02-01 05:00:00,2009,2
Wii,1235883600000,1312779,2009-03-01 05:00:00,2009,3
Wii,1238558400000,869989,2009-04-01 04:00:00,2009,4
Wii,1241150400000,783713,2009-05-01 04:00:00,2009,5
Wii,1243828800000,914768,2009-06-01 04:00:00,2009,6
Wii,1246420800000,837038,2009-07-01 04:00:00,2009,7
Wii,1249099200000,783819,2009-08-01 04:00:00,2009,8
Wii,1251777600000,938347,2009-09-01 04:00:00,2009,9
Wii,1254369600000,1481085,2009-10-01 04:00:00,2009,10
Wii,1257048000000,2785562,2009-11-01 04:00:00,2009,11
Wii,1259643600000,7396341,2009-12-01 05:00:00,2009,12
Wii,1262322000000,1522507,2010-01-01 05:00:00,2010,1
Wii,1265000400000,1103517,2010-02-01 05:00:00,2010,2
Wii,1267419600000,1378807,2010-03-01 05:00:00,2010,3
Wii,1270094400000,856953,2010-04-01 04:00:00,2010,4
Wii,1272686400000,869501,2010-05-01 04:00:00,2010,5
Wii,1275364800000,896693,2010-06-01 04:00:00,2010,6
Wii,1277956800000,597724,2010-07-01 04:00:00,2010,7
Wii,1280635200000,603256,2010-08-01 04:00:00,2010,8
Wii,1283313600000,699781,2010-09-01 04:00:00,2010,9
Wii,1285905600000,687703,2010-10-01 04:00:00,2010,10
Wii,1288584000000,2325978,2010-11-01 04:00:00,2010,11
Wii,1291179600000,5727099,2010-12-01 05:00:00,2010,12
Wii,1293858000000,1020845,2011-01-01 05:00:00,2011,1
Wii,1296536400000,742204,2011-02-01 05:00:00,2011,2
Wii,1298955600000,716448,2011-03-01 05:00:00,2011,3
Wii,1301630400000,473844,2011-04-01 04:00:00,2011,4
Wii,1304222400000,587474,2011-05-01 04:00:00,2011,5
Wii,1306900800000,844518,2011-06-01 04:00:00,2011,6
Wii,1309492800000,520530,2011-07-01 04:00:00,2011,7
Wii,1312171200000,492972,2011-08-01 04:00:00,2011,8
Wii,1314849600000,548741,2011-09-01 04:00:00,2011,9
Wii,1317441600000,653229,2011-10-01 04:00:00,2011,10
Wii,1320120000000,1727392,2011-11-01 04:00:00,2011,11
Wii,1322715600000,3135419,2011-12-01 05:00:00,2011,12
Wii,1325394000000,608884,2012-01-01 05:00:00,2012,1
Wii,1328072400000,435444,2012-02-01 05:00:00,2012,2
Wii,1330578000000,386334,2012-03-01 05:00:00,2012,3
Wii,1333252800000,274305,2012-04-01 04:00:00,2012,4
Wii,1335844800000,238732,2012-05-01 04:00:00,2012,5
Wii,1338523200000,261341,2012-06-01 04:00:00,2012,6
Wii,1341115200000,216110,2012-07-01 04:00:00,2012,7
Wii,1343793600000,262770,2012-08-01 04:00:00,2012,8
Wii,1346472000000,220095,2012-09-01 04:00:00,2012,9
Wii,1349064000000,213486,2012-10-01 04:00:00,2012,10
Wii,1351742400000,750139,2012-11-01 04:00:00,2012,11
Wii,1354338000000,1261284,2012-12-01 05:00:00,2012,12
Wii,1357016400000,296148,2013-01-01 05:00:00,2013,1
Wii,1359694800000,186668,2013-02-01 05:00:00,2013,2
Wii,1362114000000,182488,2013-03-01 05:00:00,2013,3
Wii,1364788800000,116488,2013-04-01 04:00:00,2013,4
Wii,1367380800000,103689,2013-05-01 04:00:00,2013,5
Wii,1370059200000,120722,2013-06-01 04:00:00,2013,6
Wii,1372651200000,92190,2013-07-01 04:00:00,2013,7
Wii,1375329600000,93169,2013-08-01 04:00:00,2013,8
Wii,1378008000000,106662,2013-09-01 04:00:00,2013,9
Wii,1380600000000,100251,2013-10-01 04:00:00,2013,10
Wii,1383278400000,235602,2013-11-01 04:00:00,2013,11
Wii,1385874000000,409895,2013-12-01 05:00:00,2013,12
Wii,1388552400000,73202,2014-01-01 05:00:00,2014,1
Wii,1391230800000,77176,2014-02-01 05:00:00,2014,2
Wii,1393650000000,82711,2014-03-01 05:00:00,2014,3
Wii,1396324800000,58409,2014-04-01 04:00:00,2014,4
Wii,1398916800000,58073,2014-05-01 04:00:00,2014,5
Wii,1401595200000,62758,2014-06-01 04:00:00,2014,6
Wii,1404187200000,43973,2014-07-01 04:00:00,2014,7
Wii,1406865600000,40351,2014-08-01 04:00:00,2014,8
Wii,1409544000000,52586,2014-09-01 04:00:00,2014,9
Wii,1412136000000,44535,2014-10-01 04:00:00,2014,10
Wii,1414814400000,78931,2014-11-01 04:00:00,2014,11
Wii,1417410000000,117247,2014-12-01 05:00:00,2014,12
Wii,1420088400000,39116,2015-01-01 05:00:00,2015,1
Wii,1422766800000,36368,2015-02-01 05:00:00,2015,2
Wii,1425186000000,35716,2015-03-01 05:00:00,2015,3
Wii,1427860800000,25771,2015-04-01 04:00:00,2015,4
Wii,1430452800000,24200,2015-05-01 04:00:00,2015,5
Wii,1433131200000,26288,2015-06-01 04:00:00,2015,6
Wii,1435723200000,17123,2015-07-01 04:00:00,2015,7
Wii,1438401600000,15378,2015-08-01 04:00:00,2015,8
Wii,1441080000000,17475,2015-09-01 04:00:00,2015,9
Wii,1443672000000,11290,2015-10-01 04:00:00,2015,10
Wii,1446350400000,10494,2015-11-01 04:00:00,2015,11
Wii,1448946000000,27409,2015-12-01 05:00:00,2015,12
X360,1130821200000,350847,2005-11-01 05:00:00,2005,11
X360,1133413200000,828057,2005-12-01 05:00:00,2005,12
X360,1136091600000,518934,2006-01-01 05:00:00,2006,1
X360,1138770000000,331322,2006-02-01 05:00:00,2006,2
X360,1141189200000,397650,2006-03-01 05:00:00,2006,3
X360,1143867600000,483089,2006-04-01 05:00:00,2006,4
X360,1146456000000,386471,2006-05-01 04:00:00,2006,5
X360,1149134400000,405110,2006-06-01 04:00:00,2006,6
X360,1151726400000,303676,2006-07-01 04:00:00,2006,7
X360,1154404800000,298820,2006-08-01 04:00:00,2006,8
X360,1157083200000,447626,2006-09-01 04:00:00,2006,9
X360,1159675200000,343113,2006-10-01 04:00:00,2006,10
X360,1162357200000,849085,2006-11-01 05:00:00,2006,11
X360,1164949200000,2041655,2006-12-01 05:00:00,2006,12
X360,1167627600000,500617,2007-01-01 05:00:00,2007,1
X360,1170306000000,446122,2007-02-01 05:00:00,2007,2
X360,1172725200000,440324,2007-03-01 05:00:00,2007,3
X360,1175400000000,311201,2007-04-01 04:00:00,2007,4
X360,1177992000000,318942,2007-05-01 04:00:00,2007,5
X360,1180670400000,390447,2007-06-01 04:00:00,2007,6
X360,1183262400000,267042,2007-07-01 04:00:00,2007,7
X360,1185940800000,412672,2007-08-01 04:00:00,2007,8
X360,1188619200000,824372,2007-09-01 04:00:00,2007,9
X360,1191211200000,766862,2007-10-01 04:00:00,2007,10
X360,1193889600000,1035542,2007-11-01 04:00:00,2007,11
X360,1196485200000,2193016,2007-12-01 05:00:00,2007,12
X360,1199163600000,674931,2008-01-01 05:00:00,2008,1
X360,1201842000000,491587,2008-02-01 05:00:00,2008,2
X360,1204347600000,631290,2008-03-01 05:00:00,2008,3
X360,1207022400000,520744,2008-04-01 04:00:00,2008,4
X360,1209614400000,505934,2008-05-01 04:00:00,2008,5
X360,1212292800000,531833,2008-06-01 04:00:00,2008,6
X360,1214884800000,494298,2008-07-01 04:00:00,2008,7
X360,1217563200000,463130,2008-08-01 04:00:00,2008,8
X360,1220241600000,826196,2008-09-01 04:00:00,2008,9
X360,1222833600000,825265,2008-10-01 04:00:00,2008,10
X360,1225512000000,1795402,2008-11-01 04:00:00,2008,11
X360,1228107600000,3396498,2008-12-01 05:00:00,2008,12
X360,1230786000000,751241,2009-01-01 05:00:00,2009,1
X360,1233464400000,717758,2009-02-01 05:00:00,2009,2
X360,1235883600000,771557,2009-03-01 05:00:00,2009,3
X360,1238558400000,466713,2009-04-01 04:00:00,2009,4
X360,1241150400000,403264,2009-05-01 04:00:00,2009,5
X360,1243828800000,549049,2009-06-01 04:00:00,2009,6
X360,1246420800000,421219,2009-07-01 04:00:00,2009,7
X360,1249099200000,453415,2009-08-01 04:00:00,2009,8
X360,1251777600000,736679,2009-09-01 04:00:00,2009,9
X360,1254369600000,695055,2009-10-01 04:00:00,2009,10
X360,1257048000000,1753018,2009-11-01 04:00:00,2009,11
X360,1259643600000,2896665,2009-12-01 05:00:00,2009,12
X360,1262322000000,728723,2010-01-01 05:00:00,2010,1
X360,1265000400000,728481,2010-02-01 05:00:00,2010,2
X360,1267419600000,754399,2010-03-01 05:00:00,2010,3
X360,1270094400000,472057,2010-04-01 04:00:00,2010,4
X360,1272686400000,424058,2010-05-01 04:00:00,2010,5
X360,1275364800000,808440,2010-06-01 04:00:00,2010,6
X360,1277956800000,985849,2010-07-01 04:00:00,2010,7
X360,1280635200000,741176,2010-08-01 04:00:00,2010,8
X360,1283313600000,1001771,2010-09-01 04:00:00,2010,9
X360,1285905600000,798125,2010-10-01 04:00:00,2010,10
X360,1288584000000,2330328,2010-11-01 04:00:00,2010,11
X360,1291179600000,4199911,2010-12-01 05:00:00,2010,12
X360,1293858000000,873944,2011-01-01 05:00:00,2011,1
X360,1296536400000,845322,2011-02-01 05:00:00,2011,2
X360,1298955600000,776301,2011-03-01 05:00:00,2011,3
X360,1301630400000,598657,2011-04-01 04:00:00,2011,4
X360,1304222400000,567808,2011-05-01 04:00:00,2011,5
X360,1306900800000,714559,2011-06-01 04:00:00,2011,6
X360,1309492800000,573805,2011-07-01 04:00:00,2011,7
X360,1312171200000,533937,2011-08-01 04:00:00,2011,8
X360,1314849600000,851243,2011-09-01 04:00:00,2011,9
X360,1317441600000,907172,2011-10-01 04:00:00,2011,10
X360,1320120000000,2795562,2011-11-01 04:00:00,2011,11
X360,1322715600000,4099007,2011-12-01 05:00:00,2011,12
X360,1325394000000,689830,2012-01-01 05:00:00,2012,1
X360,1328072400000,626384,2012-02-01 05:00:00,2012,2
X360,1330578000000,609629,2012-03-01 05:00:00,2012,3
X360,1333252800000,479862,2012-04-01 04:00:00,2012,4
X360,1335844800000,378616,2012-05-01 04:00:00,2012,5
X360,1338523200000,517436,2012-06-01 04:00:00,2012,6
X360,1341115200000,419031,2012-07-01 04:00:00,2012,7
X360,1343793600000,420861,2012-08-01 04:00:00,2012,8
X360,1346472000000,617708,2012-09-01 04:00:00,2012,9
X360,1349064000000,716377,2012-10-01 04:00:00,2012,10
X360,1351742400000,2271734,2012-11-01 04:00:00,2012,11
X360,1354338000000,3101153,2012-12-01 05:00:00,2012,12
X360,1357016400000,652573,2013-01-01 05:00:00,2013,1
X360,1359694800000,488549,2013-02-01 05:00:00,2013,2
X360,1362114000000,495720,2013-03-01 05:00:00,2013,3
X360,1364788800000,306325,2013-04-01 04:00:00,2013,4
X360,1367380800000,241976,2013-05-01 04:00:00,2013,5
X360,1370059200000,309287,2013-06-01 04:00:00,2013,6
X360,1372651200000,234366,2013-07-01 04:00:00,2013,7
X360,1375329600000,218195,2013-08-01 04:00:00,2013,8
X360,1378008000000,458406,2013-09-01 04:00:00,2013,9
X360,1380600000000,400482,2013-10-01 04:00:00,2013,10
X360,1383278400000,1011393,2013-11-01 04:00:00,2013,11
X360,1385874000000,1462079,2013-12-01 05:00:00,2013,12
X360,1388552400000,160259,2014-01-01 05:00:00,2014,1
X360,1391230800000,163049,2014-02-01 05:00:00,2014,2
X360,1393650000000,177834,2014-03-01 05:00:00,2014,3
X360,1396324800000,125075,2014-04-01 04:00:00,2014,4
X360,1398916800000,99321,2014-05-01 04:00:00,2014,5
X360,1401595200000,107744,2014-06-01 04:00:00,2014,6
X360,1404187200000,79540,2014-07-01 04:00:00,2014,7
X360,1406865600000,77951,2014-08-01 04:00:00,2014,8
X360,1409544000000,135299,2014-09-01 04:00:00,2014,9
X360,1412136000000,214567,2014-10-01 04:00:00,2014,10
X360,1414814400000,295915,2014-11-01 04:00:00,2014,11
X360,1417410000000,428591,2014-12-01 05:00:00,2014,12
X360,1420088400000,43904,2015-01-01 05:00:00,2015,1
X360,1422766800000,39758,2015-02-01 05:00:00,2015,2
X360,1425186000000,39727,2015-03-01 05:00:00,2015,3
X360,1427860800000,28016,2015-04-01 04:00:00,2015,4
X360,1430452800000,24617,2015-05-01 04:00:00,2015,5
X360,1433131200000,29422,2015-06-01 04:00:00,2015,6
X360,1435723200000,22933,2015-07-01 04:00:00,2015,7
X360,1438401600000,20015,2015-08-01 04:00:00,2015,8
X360,1441080000000,37089,2015-09-01 04:00:00,2015,9
X360,1443672000000,36398,2015-10-01 04:00:00,2015,10
X360,1446350400000,75178,2015-11-01 04:00:00,2015,11
X360,1448946000000,171953,2015-12-01 05:00:00,2015,12
X360,1451624400000,17236,2016-01-01 05:00:00,2016,1
X360,1454302800000,15958,2016-02-01 05:00:00,2016,2
X360,1456808400000,18309,2016-03-01 05:00:00,2016,3
X360,1459483200000,14043,2016-04-01 04:00:00,2016,4
X360,1462075200000,13348,2016-05-01 04:00:00,2016,5
X360,1464753600000,16544,2016-06-01 04:00:00,2016,6
X360,1467345600000,12854,2016-07-01 04:00:00,2016,7
X360,1470024000000,12411,2016-08-01 04:00:00,2016,8
X360,1472702400000,17308,2016-09-01 04:00:00,2016,9
X360,1475294400000,14737,2016-10-01 04:00:00,2016,10
X360,1477972800000,33252,2016-11-01 04:00:00,2016,11
X360,1480568400000,60181,2016-12-01 05:00:00,2016,12
X360,1483246800000,5194,2017-01-01 05:00:00,2017,1
X360,1485925200000,3756,2017-02-01 05:00:00,2017,2
X360,1488344400000,4104,2017-03-01 05:00:00,2017,3
X360,1491019200000,2713,2017-04-01 04:00:00,2017,4
X360,1493611200000,2376,2017-05-01 04:00:00,2017,5
X360,1496289600000,2721,2017-06-01 04:00:00,2017,6
X360,1498881600000,1686,2017-07-01 04:00:00,2017,7
X360,1501560000000,1557,2017-08-01 04:00:00,2017,8
X360,1504238400000,1602,2017-09-01 04:00:00,2017,9
X360,1506830400000,1149,2017-10-01 04:00:00,2017,10
X360,1509508800000,960,2017-11-01 04:00:00,2017,11
X360,1512104400000,1276,2017-12-01 05:00:00,2017,12
DS,1099285200000,546507,2004-11-01 05:00:00,2004,11
DS,1101877200000,2310880,2004-12-01 05:00:00,2004,12
DS,1104555600000,426958,2005-01-01 05:00:00,2005,1
DS,1107234000000,290589,2005-02-01 05:00:00,2005,2
DS,1109653200000,919906,2005-03-01 05:00:00,2005,3
DS,1112331600000,448809,2005-04-01 05:00:00,2005,4
DS,1114920000000,383969,2005-05-01 04:00:00,2005,5
DS,1117598400000,496260,2005-06-01 04:00:00,2005,6
DS,1120190400000,381126,2005-07-01 04:00:00,2005,7
DS,1122868800000,492803,2005-08-01 04:00:00,2005,8
DS,1125547200000,584651,2005-09-01 04:00:00,2005,9
DS,1128139200000,645738,2005-10-01 04:00:00,2005,10
DS,1130821200000,1361640,2005-11-01 05:00:00,2005,11
DS,1133413200000,4530346,2005-12-01 05:00:00,2005,12
DS,1136091600000,823829,2006-01-01 05:00:00,2006,1
DS,1138770000000,546254,2006-02-01 05:00:00,2006,2
DS,1141189200000,1296381,2006-03-01 05:00:00,2006,3
DS,1143867600000,1324719,2006-04-01 05:00:00,2006,4
DS,1146456000000,1169418,2006-05-01 04:00:00,2006,5
DS,1149134400000,1921534,2006-06-01 04:00:00,2006,6
DS,1151726400000,1647570,2006-07-01 04:00:00,2006,7
DS,1154404800000,1409550,2006-08-01 04:00:00,2006,8
DS,1157083200000,1884429,2006-09-01 04:00:00,2006,9
DS,1159675200000,1240877,2006-10-01 04:00:00,2006,10
DS,1162357200000,2197955,2006-11-01 05:00:00,2006,11
DS,1164949200000,5291269,2006-12-01 05:00:00,2006,12
DS,1167627600000,1479784,2007-01-01 05:00:00,2007,1
DS,1170306000000,1840894,2007-02-01 05:00:00,2007,2
DS,1172725200000,2094738,2007-03-01 05:00:00,2007,3
DS,1175400000000,1805851,2007-04-01 04:00:00,2007,4
DS,1177992000000,1890218,2007-05-01 04:00:00,2007,5
DS,1180670400000,2177140,2007-06-01 04:00:00,2007,6
DS,1183262400000,1930670,2007-07-01 04:00:00,2007,7
DS,1185940800000,1893903,2007-08-01 04:00:00,2007,8
DS,1188619200000,2002764,2007-09-01 04:00:00,2007,9
DS,1191211200000,1619268,2007-10-01 04:00:00,2007,10
DS,1193889600000,2950964,2007-11-01 04:00:00,2007,11
DS,1196485200000,7539709,2007-12-01 05:00:00,2007,12
DS,1199163600000,1919012,2008-01-01 05:00:00,2008,1
DS,1201842000000,1640672,2008-02-01 05:00:00,2008,2
DS,1204347600000,1920073,2008-03-01 05:00:00,2008,3
DS,1207022400000,1514136,2008-04-01 04:00:00,2008,4
DS,1209614400000,1387098,2008-05-01 04:00:00,2008,5
DS,1212292800000,2217186,2008-06-01 04:00:00,2008,6
DS,1214884800000,1964577,2008-07-01 04:00:00,2008,7
DS,1217563200000,1645388,2008-08-01 04:00:00,2008,8
DS,1220241600000,1838789,2008-09-01 04:00:00,2008,9
DS,1222833600000,1722897,2008-10-01 04:00:00,2008,10
DS,1225512000000,3883372,2008-11-01 04:00:00,2008,11
DS,1228107600000,7623240,2008-12-01 05:00:00,2008,12
DS,1230786000000,1601327,2009-01-01 05:00:00,2009,1
DS,1233464400000,1352115,2009-02-01 05:00:00,2009,2
DS,1235883600000,1932586,2009-03-01 05:00:00,2009,3
DS,1238558400000,2269545,2009-04-01 04:00:00,2009,4
DS,1241150400000,1504343,2009-05-01 04:00:00,2009,5
DS,1243828800000,1905843,2009-06-01 04:00:00,2009,6
DS,1246420800000,1740345,2009-07-01 04:00:00,2009,7
DS,1249099200000,1431910,2009-08-01 04:00:00,2009,8
DS,1251777600000,1673764,2009-09-01 04:00:00,2009,9
DS,1254369600000,1351850,2009-10-01 04:00:00,2009,10
DS,1257048000000,3303119,2009-11-01 04:00:00,2009,11
DS,1259643600000,6992991,2009-12-01 05:00:00,2009,12
DS,1262322000000,1395662,2010-01-01 05:00:00,2010,1
DS,1265000400000,1167485,2010-02-01 05:00:00,2010,2
DS,1267419600000,1728454,2010-03-01 05:00:00,2010,3
DS,1270094400000,1110130,2010-04-01 04:00:00,2010,4
DS,1272686400000,992167,2010-05-01 04:00:00,2010,5
DS,1275364800000,1353731,2010-06-01 04:00:00,2010,6
DS,1277956800000,1119808,2010-07-01 04:00:00,2010,7
DS,1280635200000,1056699,2010-08-01 04:00:00,2010,8
DS,1283313600000,1341702,2010-09-01 04:00:00,2010,9
DS,1285905600000,1068900,2010-10-01 04:00:00,2010,10
DS,1288584000000,2555295,2010-11-01 04:00:00,2010,11
DS,1291179600000,5425354,2010-12-01 05:00:00,2010,12
DS,1293858000000,1106729,2011-01-01 05:00:00,2011,1
DS,1296536400000,853681,2011-02-01 05:00:00,2011,2
DS,1298955600000,993462,2011-03-01 05:00:00,2011,3
DS,1301630400000,664277,2011-04-01 04:00:00,2011,4
DS,1304222400000,581254,2011-05-01 04:00:00,2011,5
DS,1306900800000,790784,2011-06-01 04:00:00,2011,6
DS,1309492800000,681258,2011-07-01 04:00:00,2011,7
DS,1312171200000,509661,2011-08-01 04:00:00,2011,8
DS,1314849600000,472938,2011-09-01 04:00:00,2011,9
DS,1317441600000,348059,2011-10-01 04:00:00,2011,10
DS,1320120000000,803002,2011-11-01 04:00:00,2011,11
DS,1322715600000,1555570,2011-12-01 05:00:00,2011,12
DS,1325394000000,258875,2012-01-01 05:00:00,2012,1
DS,1328072400000,215245,2012-02-01 05:00:00,2012,2
DS,1330578000000,217961,2012-03-01 05:00:00,2012,3
DS,1333252800000,159993,2012-04-01 04:00:00,2012,4
DS,1335844800000,179686,2012-05-01 04:00:00,2012,5
DS,1338523200000,256426,2012-06-01 04:00:00,2012,6
DS,1341115200000,154423,2012-07-01 04:00:00,2012,7
DS,1343793600000,136190,2012-08-01 04:00:00,2012,8
DS,1346472000000,189495,2012-09-01 04:00:00,2012,9
DS,1349064000000,153480,2012-10-01 04:00:00,2012,10
DS,1351742400000,486701,2012-11-01 04:00:00,2012,11
DS,1354338000000,850588,2012-12-01 05:00:00,2012,12
DS,1357016400000,128404,2013-01-01 05:00:00,2013,1
DS,1359694800000,105684,2013-02-01 05:00:00,2013,2
DS,1362114000000,99836,2013-03-01 05:00:00,2013,3
DS,1364788800000,76299,2013-04-01 04:00:00,2013,4
DS,1367380800000,69268,2013-05-01 04:00:00,2013,5
DS,1370059200000,83111,2013-06-01 04:00:00,2013,6
DS,1372651200000,60678,2013-07-01 04:00:00,2013,7
DS,1375329600000,55547,2013-08-01 04:00:00,2013,8
DS,1378008000000,61952,2013-09-01 04:00:00,2013,9
DS,1380600000000,44585,2013-10-01 04:00:00,2013,10
DS,1383278400000,74122,2013-11-01 04:00:00,2013,11
DS,1385874000000,89517,2013-12-01 05:00:00,2013,12
PS3,1162357200000,394937,2006-11-01 05:00:00,2006,11
PS3,1164949200000,857103,2006-12-01 05:00:00,2006,12
PS3,1167627600000,380096,2007-01-01 05:00:00,2007,1
PS3,1170306000000,240586,2007-02-01 05:00:00,2007,2
PS3,1172725200000,984653,2007-03-01 05:00:00,2007,3
PS3,1175400000000,376438,2007-04-01 04:00:00,2007,4
PS3,1177992000000,280595,2007-05-01 04:00:00,2007,5
PS3,1180670400000,301805,2007-06-01 04:00:00,2007,6
PS3,1183262400000,367753,2007-07-01 04:00:00,2007,7
PS3,1185940800000,401894,2007-08-01 04:00:00,2007,8
PS3,1188619200000,437547,2007-09-01 04:00:00,2007,9
PS3,1191211200000,569550,2007-10-01 04:00:00,2007,10
PS3,1193889600000,1038835,2007-11-01 04:00:00,2007,11
PS3,1196485200000,2545129,2007-12-01 05:00:00,2007,12
PS3,1199163600000,963197,2008-01-01 05:00:00,2008,1
PS3,1201842000000,672824,2008-02-01 05:00:00,2008,2
PS3,1204347600000,821322,2008-03-01 05:00:00,2008,3
PS3,1207022400000,649734,2008-04-01 04:00:00,2008,4
PS3,1209614400000,547789,2008-05-01 04:00:00,2008,5
PS3,1212292800000,912491,2008-06-01 04:00:00,2008,6
PS3,1214884800000,477756,2008-07-01 04:00:00,2008,7
PS3,1217563200000,545269,2008-08-01 04:00:00,2008,8
PS3,1220241600000,671545,2008-09-01 04:00:00,2008,9
PS3,1222833600000,673788,2008-10-01 04:00:00,2008,10
PS3,1225512000000,1186643,2008-11-01 04:00:00,2008,11
PS3,1228107600000,2390995,2008-12-01 05:00:00,2008,12
PS3,1230786000000,675324,2009-01-01 05:00:00,2009,1
PS3,1233464400000,601133,2009-02-01 05:00:00,2009,2
PS3,1235883600000,756680,2009-03-01 05:00:00,2009,3
PS3,1238558400000,494631,2009-04-01 04:00:00,2009,4
PS3,1241150400000,415651,2009-05-01 04:00:00,2009,5
PS3,1243828800000,543981,2009-06-01 04:00:00,2009,6
PS3,1246420800000,430546,2009-07-01 04:00:00,2009,7
PS3,1249099200000,468389,2009-08-01 04:00:00,2009,8
PS3,1251777600000,1808718,2009-09-01 04:00:00,2009,9
PS3,1254369600000,1108912,2009-10-01 04:00:00,2009,10
PS3,1257048000000,2034829,2009-11-01 04:00:00,2009,11
PS3,1259643600000,3955374,2009-12-01 05:00:00,2009,12
PS3,1262322000000,1085432,2010-01-01 05:00:00,2010,1
PS3,1265000400000,933534,2010-02-01 05:00:00,2010,2
PS3,1267419600000,1188458,2010-03-01 05:00:00,2010,3
PS3,1270094400000,680620,2010-04-01 04:00:00,2010,4
PS3,1272686400000,612665,2010-05-01 04:00:00,2010,5
PS3,1275364800000,786996,2010-06-01 04:00:00,2010,6
PS3,1277956800000,656183,2010-07-01 04:00:00,2010,7
PS3,1280635200000,671234,2010-08-01 04:00:00,2010,8
PS3,1283313600000,925557,2010-09-01 04:00:00,2010,9
PS3,1285905600000,975786,2010-10-01 04:00:00,2010,10
PS3,1288584000000,1776204,2010-11-01 04:00:00,2010,11
PS3,1291179600000,3529671,2010-12-01 05:00:00,2010,12
PS3,1293858000000,1042369,2011-01-01 05:00:00,2011,1
PS3,1296536400000,986536,2011-02-01 05:00:00,2011,2
PS3,1298955600000,1035122,2011-03-01 05:00:00,2011,3
PS3,1301630400000,726164,2011-04-01 04:00:00,2011,4
PS3,1304222400000,640059,2011-05-01 04:00:00,2011,5
PS3,1306900800000,881685,2011-06-01 04:00:00,2011,6
PS3,1309492800000,698663,2011-07-01 04:00:00,2011,7
PS3,1312171200000,801127,2011-08-01 04:00:00,2011,8
PS3,1314849600000,1297026,2011-09-01 04:00:00,2011,9
PS3,1317441600000,1062188,2011-10-01 04:00:00,2011,10
PS3,1320120000000,2024769,2011-11-01 04:00:00,2011,11
PS3,1322715600000,3467412,2011-12-01 05:00:00,2011,12
PS3,1325394000000,1009070,2012-01-01 05:00:00,2012,1
PS3,1328072400000,864652,2012-02-01 05:00:00,2012,2
PS3,1330578000000,985693,2012-03-01 05:00:00,2012,3
PS3,1333252800000,669345,2012-04-01 04:00:00,2012,4
PS3,1335844800000,550460,2012-05-01 04:00:00,2012,5
PS3,1338523200000,705978,2012-06-01 04:00:00,2012,6
PS3,1341115200000,537716,2012-07-01 04:00:00,2012,7
PS3,1343793600000,533583,2012-08-01 04:00:00,2012,8
PS3,1346472000000,715197,2012-09-01 04:00:00,2012,9
PS3,1349064000000,878941,2012-10-01 04:00:00,2012,10
PS3,1351742400000,1871379,2012-11-01 04:00:00,2012,11
PS3,1354338000000,2666103,2012-12-01 05:00:00,2012,12
PS3,1357016400000,966529,2013-01-01 05:00:00,2013,1
PS3,1359694800000,670232,2013-02-01 05:00:00,2013,2
PS3,1362114000000,704851,2013-03-01 05:00:00,2013,3
PS3,1364788800000,464042,2013-04-01 04:00:00,2013,4
PS3,1367380800000,403057,2013-05-01 04:00:00,2013,5
PS3,1370059200000,486229,2013-06-01 04:00:00,2013,6
PS3,1372651200000,341906,2013-07-01 04:00:00,2013,7
PS3,1375329600000,381231,2013-08-01 04:00:00,2013,8
PS3,1378008000000,814597,2013-09-01 04:00:00,2013,9
PS3,1380600000000,514577,2013-10-01 04:00:00,2013,10
PS3,1383278400000,1015555,2013-11-01 04:00:00,2013,11
PS3,1385874000000,1432741,2013-12-01 05:00:00,2013,12
PS3,1388552400000,342396,2014-01-01 05:00:00,2014,1
PS3,1391230800000,312596,2014-02-01 05:00:00,2014,2
PS3,1393650000000,373045,2014-03-01 05:00:00,2014,3
PS3,1396324800000,225320,2014-04-01 04:00:00,2014,4
PS3,1398916800000,205208,2014-05-01 04:00:00,2014,5
PS3,1401595200000,243118,2014-06-01 04:00:00,2014,6
PS3,1404187200000,180452,2014-07-01 04:00:00,2014,7
PS3,1406865600000,159891,2014-08-01 04:00:00,2014,8
PS3,1409544000000,237455,2014-09-01 04:00:00,2014,9
PS3,1412136000000,176339,2014-10-01 04:00:00,2014,10
PS3,1414814400000,315466,2014-11-01 04:00:00,2014,11
PS3,1417410000000,520605,2014-12-01 05:00:00,2014,12
PS3,1420088400000,180735,2015-01-01 05:00:00,2015,1
PS3,1422766800000,178076,2015-02-01 05:00:00,2015,2
PS3,1425186000000,189644,2015-03-01 05:00:00,2015,3
PS3,1427860800000,125349,2015-04-01 04:00:00,2015,4
PS3,1430452800000,105790,2015-05-01 04:00:00,2015,5
PS3,1433131200000,115615,2015-06-01 04:00:00,2015,6
PS3,1435723200000,82896,2015-07-01 04:00:00,2015,7
PS3,1438401600000,79761,2015-08-01 04:00:00,2015,8
PS3,1441080000000,105936,2015-09-01 04:00:00,2015,9
PS3,1443672000000,84547,2015-10-01 04:00:00,2015,10
PS3,1446350400000,106272,2015-11-01 04:00:00,2015,11
PS3,1448946000000,275753,2015-12-01 05:00:00,2015,12
PS3,1451624400000,58372,2016-01-01 05:00:00,2016,1
PS3,1454302800000,55627,2016-02-01 05:00:00,2016,2
PS3,1456808400000,59828,2016-03-01 05:00:00,2016,3
PS3,1459483200000,44182,2016-04-01 04:00:00,2016,4
PS3,1462075200000,43758,2016-05-01 04:00:00,2016,5
PS3,1464753600000,50011,2016-06-01 04:00:00,2016,6
PS3,1467345600000,35936,2016-07-01 04:00:00,2016,7
PS3,1470024000000,36296,2016-08-01 04:00:00,2016,8
PS3,1472702400000,65230,2016-09-01 04:00:00,2016,9
PS3,1475294400000,39824,2016-10-01 04:00:00,2016,10
PS3,1477972800000,55880,2016-11-01 04:00:00,2016,11
PS3,1480568400000,89172,2016-12-01 05:00:00,2016,12
PS3,1483246800000,30952,2017-01-01 05:00:00,2017,1
PS3,1485925200000,21973,2017-02-01 05:00:00,2017,2
PS3,1488344400000,31313,2017-03-01 05:00:00,2017,3
PS3,1491019200000,18531,2017-04-01 04:00:00,2017,4
PS3,1493611200000,18839,2017-05-01 04:00:00,2017,5
PS3,1496289600000,19619,2017-06-01 04:00:00,2017,6
PS3,1498881600000,9872,2017-07-01 04:00:00,2017,7
PS3,1501560000000,9485,2017-08-01 04:00:00,2017,8
PS3,1504238400000,9514,2017-09-01 04:00:00,2017,9
PS3,1506830400000,5993,2017-10-01 04:00:00,2017,10
PS3,1509508800000,6187,2017-11-01 04:00:00,2017,11
PS3,1512104400000,8149,2017-12-01 05:00:00,2017,12
3DS,1296536400000,374164,2011-02-01 05:00:00,2011,2
3DS,1298955600000,1375252,2011-03-01 05:00:00,2011,3
3DS,1301630400000,561085,2011-04-01 04:00:00,2011,4
3DS,1304222400000,319762,2011-05-01 04:00:00,2011,5
3DS,1306900800000,419033,2011-06-01 04:00:00,2011,6
3DS,1309492800000,309884,2011-07-01 04:00:00,2011,7
3DS,1312171200000,892306,2011-08-01 04:00:00,2011,8
3DS,1314849600000,852301,2011-09-01 04:00:00,2011,9
3DS,1317441600000,746627,2011-10-01 04:00:00,2011,10
3DS,1320120000000,1900746,2011-11-01 04:00:00,2011,11
3DS,1322715600000,4800817,2011-12-01 05:00:00,2011,12
3DS,1325394000000,1021720,2012-01-01 05:00:00,2012,1
3DS,1328072400000,741718,2012-02-01 05:00:00,2012,2
3DS,1330578000000,832592,2012-03-01 05:00:00,2012,3
3DS,1333252800000,608049,2012-04-01 04:00:00,2012,4
3DS,1335844800000,492778,2012-05-01 04:00:00,2012,5
3DS,1338523200000,709203,2012-06-01 04:00:00,2012,6
3DS,1341115200000,696583,2012-07-01 04:00:00,2012,7
3DS,1343793600000,923746,2012-08-01 04:00:00,2012,8
3DS,1346472000000,949346,2012-09-01 04:00:00,2012,9
3DS,1349064000000,819659,2012-10-01 04:00:00,2012,10
3DS,1351742400000,1669873,2012-11-01 04:00:00,2012,11
3DS,1354338000000,3942270,2012-12-01 05:00:00,2012,12
3DS,1357016400000,1034745,2013-01-01 05:00:00,2013,1
3DS,1359694800000,706074,2013-02-01 05:00:00,2013,2
3DS,1362114000000,761735,2013-03-01 05:00:00,2013,3
3DS,1364788800000,579170,2013-04-01 04:00:00,2013,4
3DS,1367380800000,465051,2013-05-01 04:00:00,2013,5
3DS,1370059200000,751021,2013-06-01 04:00:00,2013,6
3DS,1372651200000,552560,2013-07-01 04:00:00,2013,7
3DS,1375329600000,599391,2013-08-01 04:00:00,2013,8
3DS,1378008000000,1246998,2013-09-01 04:00:00,2013,9
3DS,1380600000000,1512507,2013-10-01 04:00:00,2013,10
3DS,1383278400000,1929868,2013-11-01 04:00:00,2013,11
3DS,1385874000000,3515120,2013-12-01 05:00:00,2013,12
3DS,1388552400000,505892,2014-01-01 05:00:00,2014,1
3DS,1391230800000,482110,2014-02-01 05:00:00,2014,2
3DS,1393650000000,542593,2014-03-01 05:00:00,2014,3
3DS,1396324800000,379218,2014-04-01 04:00:00,2014,4
3DS,1398916800000,343312,2014-05-01 04:00:00,2014,5
3DS,1401595200000,477699,2014-06-01 04:00:00,2014,6
3DS,1404187200000,420743,2014-07-01 04:00:00,2014,7
3DS,1406865600000,380147,2014-08-01 04:00:00,2014,8
3DS,1409544000000,473705,2014-09-01 04:00:00,2014,9
3DS,1412136000000,928732,2014-10-01 04:00:00,2014,10
3DS,1414814400000,1382016,2014-11-01 04:00:00,2014,11
3DS,1417410000000,2211206,2014-12-01 05:00:00,2014,12
3DS,1420088400000,399073,2015-01-01 05:00:00,2015,1
3DS,1422766800000,883758,2015-02-01 05:00:00,2015,2
3DS,1425186000000,667346,2015-03-01 05:00:00,2015,3
3DS,1427860800000,346490,2015-04-01 04:00:00,2015,4
3DS,1430452800000,250501,2015-05-01 04:00:00,2015,5
3DS,1433131200000,396440,2015-06-01 04:00:00,2015,6
3DS,1435723200000,386716,2015-07-01 04:00:00,2015,7
3DS,1438401600000,410480,2015-08-01 04:00:00,2015,8
3DS,1441080000000,414734,2015-09-01 04:00:00,2015,9
3DS,1443672000000,353133,2015-10-01 04:00:00,2015,10
3DS,1446350400000,1029049,2015-11-01 04:00:00,2015,11
3DS,1448946000000,2387483,2015-12-01 05:00:00,2015,12
3DS,1451624400000,379926,2016-01-01 05:00:00,2016,1
3DS,1454302800000,439541,2016-02-01 05:00:00,2016,2
3DS,1456808400000,509034,2016-03-01 05:00:00,2016,3
3DS,1459483200000,355534,2016-04-01 04:00:00,2016,4
3DS,1462075200000,320540,2016-05-01 04:00:00,2016,5
3DS,1464753600000,446451,2016-06-01 04:00:00,2016,6
3DS,1467345600000,469429,2016-07-01 04:00:00,2016,7
3DS,1470024000000,459071,2016-08-01 04:00:00,2016,8
3DS,1472702400000,566597,2016-09-01 04:00:00,2016,9
3DS,1475294400000,442841,2016-10-01 04:00:00,2016,10
3DS,1477972800000,1244407,2016-11-01 04:00:00,2016,11
3DS,1480568400000,2087384,2016-12-01 05:00:00,2016,12
3DS,1483246800000,398340,2017-01-01 05:00:00,2017,1
3DS,1485925200000,348539,2017-02-01 05:00:00,2017,2
3DS,1488344400000,428455,2017-03-01 05:00:00,2017,3
3DS,1491019200000,312862,2017-04-01 04:00:00,2017,4
3DS,1493611200000,277961,2017-05-01 04:00:00,2017,5
3DS,1496289600000,348071,2017-06-01 04:00:00,2017,6
3DS,1498881600000,476489,2017-07-01 04:00:00,2017,7
3DS,1501560000000,393363,2017-08-01 04:00:00,2017,8
3DS,1504238400000,427932,2017-09-01 04:00:00,2017,9
3DS,1506830400000,431939,2017-10-01 04:00:00,2017,10
3DS,1509508800000,900664,2017-11-01 04:00:00,2017,11
3DS,1512104400000,1737689,2017-12-01 05:00:00,2017,12
3DS,1514782800000,312487,2018-01-01 05:00:00,2018,1
3DS,1517461200000,288510,2018-02-01 05:00:00,2018,2
3DS,1519880400000,290117,2018-03-01 05:00:00,2018,3
3DS,1522555200000,174069,2018-04-01 04:00:00,2018,4
3DS,1525147200000,154946,2018-05-01 04:00:00,2018,5
3DS,1527825600000,204819,2018-06-01 04:00:00,2018,6
3DS,1530417600000,188320,2018-07-01 04:00:00,2018,7
3DS,1533096000000,239229,2018-08-01 04:00:00,2018,8
3DS,1535774400000,165476,2018-09-01 04:00:00,2018,9
3DS,1538366400000,184398,2018-10-01 04:00:00,2018,10
3DS,1541044800000,642325,2018-11-01 04:00:00,2018,11
3DS,1543640400000,745557,2018-12-01 05:00:00,2018,12
3DS,1546318800000,187695,2019-01-01 05:00:00,2019,1
3DS,1548997200000,140010,2019-02-01 05:00:00,2019,2
3DS,1551416400000,171077,2019-03-01 05:00:00,2019,3
3DS,1554091200000,111636,2019-04-01 04:00:00,2019,4
3DS,1556683200000,122933,2019-05-01 04:00:00,2019,5
3DS,1559361600000,84957,2019-06-01 04:00:00,2019,6
3DS,1561953600000,74731,2019-07-01 04:00:00,2019,7
3DS,1564632000000,87205,2019-08-01 04:00:00,2019,8
3DS,1567310400000,54175,2019-09-01 04:00:00,2019,9
3DS,1569902400000,60111,2019-10-01 04:00:00,2019,10
3DS,1572580800000,187145,2019-11-01 04:00:00,2019,11
3DS,1575176400000,274453,2019-12-01 05:00:00,2019,12
3DS,1577854800000,75346,2020-01-01 05:00:00,2020,1
3DS,1580533200000,51038,2020-02-01 05:00:00,2020,2
3DS,1583038800000,52105,2020-03-01 05:00:00,2020,3
3DS,1585713600000,51334,2020-04-01 04:00:00,2020,4
3DS,1588305600000,53454,2020-05-01 04:00:00,2020,5
3DS,1590984000000,35808,2020-06-01 04:00:00,2020,6
3DS,1593576000000,39013,2020-07-01 04:00:00,2020,7
3DS,1596254400000,23773,2020-08-01 04:00:00,2020,8
3DS,1598932800000,36267,2020-09-01 04:00:00,2020,9
3DS,1601524800000,24490,2020-10-01 04:00:00,2020,10
3DS,1604203200000,20135,2020-11-01 04:00:00,2020,11
3DS,1606798800000,27827,2020-12-01 05:00:00,2020,12
3DS,1609477200000,4181,2021-01-01 05:00:00,2021,1
3DS,1612155600000,4733,2021-02-01 05:00:00,2021,2
3DS,1614574800000,4644,2021-03-01 05:00:00,2021,3
3DS,1617249600000,4251,2021-04-01 04:00:00,2021,4
3DS,1619841600000,2533,2021-05-01 04:00:00,2021,5
3DS,1622520000000,2304,2021-06-01 04:00:00,2021,6
3DS,1625112000000,2761,2021-07-01 04:00:00,2021,7
3DS,1627790400000,1779,2021-08-01 04:00:00,2021,8
3DS,1630468800000,2554,2021-09-01 04:00:00,2021,9
3DS,1633060800000,1844,2021-10-01 04:00:00,2021,10
3DS,1635739200000,1348,2021-11-01 04:00:00,2021,11
3DS,1638334800000,1463,2021-12-01 05:00:00,2021,12
PSV,1322715600000,481573,2011-12-01 05:00:00,2011,12
PSV,1325394000000,107855,2012-01-01 05:00:00,2012,1
PSV,1328072400000,502428,2012-02-01 05:00:00,2012,2
PSV,1330578000000,406438,2012-03-01 05:00:00,2012,3
PSV,1333252800000,192321,2012-04-01 04:00:00,2012,4
PSV,1335844800000,157334,2012-05-01 04:00:00,2012,5
PSV,1338523200000,260101,2012-06-01 04:00:00,2012,6
PSV,1341115200000,158031,2012-07-01 04:00:00,2012,7
PSV,1343793600000,139691,2012-08-01 04:00:00,2012,8
PSV,1346472000000,244431,2012-09-01 04:00:00,2012,9
PSV,1349064000000,174492,2012-10-01 04:00:00,2012,10
PSV,1351742400000,465691,2012-11-01 04:00:00,2012,11
PSV,1354338000000,736090,2012-12-01 05:00:00,2012,12
PSV,1357016400000,230439,2013-01-01 05:00:00,2013,1
PSV,1359694800000,197906,2013-02-01 05:00:00,2013,2
PSV,1362114000000,309282,2013-03-01 05:00:00,2013,3
PSV,1364788800000,164806,2013-04-01 04:00:00,2013,4
PSV,1367380800000,138002,2013-05-01 04:00:00,2013,5
PSV,1370059200000,207440,2013-06-01 04:00:00,2013,6
PSV,1372651200000,155409,2013-07-01 04:00:00,2013,7
PSV,1375329600000,174693,2013-08-01 04:00:00,2013,8
PSV,1378008000000,212361,2013-09-01 04:00:00,2013,9
PSV,1380600000000,323397,2013-10-01 04:00:00,2013,10
PSV,1383278400000,488787,2013-11-01 04:00:00,2013,11
PSV,1385874000000,863044,2013-12-01 05:00:00,2013,12
PSV,1388552400000,253546,2014-01-01 05:00:00,2014,1
PSV,1391230800000,196613,2014-02-01 05:00:00,2014,2
PSV,1393650000000,309642,2014-03-01 05:00:00,2014,3
PSV,1396324800000,180090,2014-04-01 04:00:00,2014,4
PSV,1398916800000,208945,2014-05-01 04:00:00,2014,5
PSV,1401595200000,215247,2014-06-01 04:00:00,2014,6
PSV,1404187200000,209462,2014-07-01 04:00:00,2014,7
PSV,1406865600000,168786,2014-08-01 04:00:00,2014,8
PSV,1409544000000,204012,2014-09-01 04:00:00,2014,9
PSV,1412136000000,185819,2014-10-01 04:00:00,2014,10
PSV,1414814400000,350552,2014-11-01 04:00:00,2014,11
PSV,1417410000000,616078,2014-12-01 05:00:00,2014,12
PSV,1420088400000,165167,2015-01-01 05:00:00,2015,1
PSV,1422766800000,176928,2015-02-01 05:00:00,2015,2
PSV,1425186000000,270289,2015-03-01 05:00:00,2015,3
PSV,1427860800000,133438,2015-04-01 04:00:00,2015,4
PSV,1430452800000,119280,2015-05-01 04:00:00,2015,5
PSV,1433131200000,149128,2015-06-01 04:00:00,2015,6
PSV,1435723200000,109473,2015-07-01 04:00:00,2015,7
PSV,1438401600000,107228,2015-08-01 04:00:00,2015,8
PSV,1441080000000,159697,2015-09-01 04:00:00,2015,9
PSV,1443672000000,133302,2015-10-01 04:00:00,2015,10
PSV,1446350400000,192607,2015-11-01 04:00:00,2015,11
PSV,1448946000000,686653,2015-12-01 05:00:00,2015,12
PSV,1451624400000,226847,2016-01-01 05:00:00,2016,1
PSV,1454302800000,172373,2016-02-01 05:00:00,2016,2
PSV,1456808400000,210541,2016-03-01 05:00:00,2016,3
PSV,1459483200000,131500,2016-04-01 04:00:00,2016,4
PSV,1462075200000,125990,2016-05-01 04:00:00,2016,5
PSV,1464753600000,137556,2016-06-01 04:00:00,2016,6
PSV,1467345600000,101405,2016-07-01 04:00:00,2016,7
PSV,1470024000000,97038,2016-08-01 04:00:00,2016,8
PSV,1472702400000,138322,2016-09-01 04:00:00,2016,9
PSV,1475294400000,114235,2016-10-01 04:00:00,2016,10
PSV,1477972800000,149493,2016-11-01 04:00:00,2016,11
PSV,1480568400000,373040,2016-12-01 05:00:00,2016,12
PSV,1483246800000,164288,2017-01-01 05:00:00,2017,1
PSV,1485925200000,94989,2017-02-01 05:00:00,2017,2
PSV,1488344400000,97392,2017-03-01 05:00:00,2017,3
PSV,1491019200000,47744,2017-04-01 04:00:00,2017,4
PSV,1493611200000,37319,2017-05-01 04:00:00,2017,5
PSV,1496289600000,36671,2017-06-01 04:00:00,2017,6
PSV,1498881600000,28224,2017-07-01 04:00:00,2017,7
PSV,1501560000000,28129,2017-08-01 04:00:00,2017,8
PSV,1504238400000,30921,2017-09-01 04:00:00,2017,9
PSV,1506830400000,24509,2017-10-01 04:00:00,2017,10
PSV,1509508800000,30312,2017-11-01 04:00:00,2017,11
PSV,1512104400000,71415,2017-12-01 05:00:00,2017,12
PSV,1514782800000,25400,2018-01-01 05:00:00,2018,1
PSV,1517461200000,15477,2018-02-01 05:00:00,2018,2
PSV,1519880400000,18667,2018-03-01 05:00:00,2018,3
PSV,1522555200000,9715,2018-04-01 04:00:00,2018,4
PSV,1525147200000,9752,2018-05-01 04:00:00,2018,5
PSV,1527825600000,8931,2018-06-01 04:00:00,2018,6
PSV,1530417600000,7835,2018-07-01 04:00:00,2018,7
PSV,1533096000000,7866,2018-08-01 04:00:00,2018,8
PSV,1535774400000,7601,2018-09-01 04:00:00,2018,9
PSV,1538366400000,6512,2018-10-01 04:00:00,2018,10
PSV,1541044800000,10490,2018-11-01 04:00:00,2018,11
PSV,1543640400000,9861,2018-12-01 05:00:00,2018,12
PSV,1546318800000,4165,2019-01-01 05:00:00,2019,1
PSV,1548997200000,3418,2019-02-01 05:00:00,2019,2
PSV,1551416400000,2103,2019-03-01 05:00:00,2019,3
PSV,1554091200000,1026,2019-04-01 04:00:00,2019,4
PSV,1556683200000,971,2019-05-01 04:00:00,2019,5
PSV,1559361600000,491,2019-06-01 04:00:00,2019,6
PSV,1561953600000,405,2019-07-01 04:00:00,2019,7
PSV,1564632000000,361,2019-08-01 04:00:00,2019,8
PSV,1567310400000,93,2019-09-01 04:00:00,2019,9
PSV,1569902400000,68,2019-10-01 04:00:00,2019,10
PSV,1572580800000,69,2019-11-01 04:00:00,2019,11
PSV,1575176400000,132,2019-12-01 05:00:00,2019,12
WiiU,1351742400000,472099,2012-11-01 04:00:00,2012,11
WiiU,1354338000000,1692135,2012-12-01 05:00:00,2012,12
WiiU,1357016400000,265008,2013-01-01 05:00:00,2013,1
WiiU,1359694800000,129797,2013-02-01 05:00:00,2013,2
WiiU,1362114000000,204663,2013-03-01 05:00:00,2013,3
WiiU,1364788800000,118290,2013-04-01 04:00:00,2013,4
WiiU,1367380800000,88632,2013-05-01 04:00:00,2013,5
WiiU,1370059200000,98509,2013-06-01 04:00:00,2013,6
WiiU,1372651200000,116570,2013-07-01 04:00:00,2013,7
WiiU,1375329600000,100239,2013-08-01 04:00:00,2013,8
WiiU,1378008000000,180480,2013-09-01 04:00:00,2013,9
WiiU,1380600000000,178068,2013-10-01 04:00:00,2013,10
WiiU,1383278400000,474736,2013-11-01 04:00:00,2013,11
WiiU,1385874000000,1186522,2013-12-01 05:00:00,2013,12
WiiU,1388552400000,157088,2014-01-01 05:00:00,2014,1
WiiU,1391230800000,163157,2014-02-01 05:00:00,2014,2
WiiU,1393650000000,176469,2014-03-01 05:00:00,2014,3
WiiU,1396324800000,111157,2014-04-01 04:00:00,2014,4
WiiU,1398916800000,204932,2014-05-01 04:00:00,2014,5
WiiU,1401595200000,328079,2014-06-01 04:00:00,2014,6
WiiU,1404187200000,202538,2014-07-01 04:00:00,2014,7
WiiU,1406865600000,184011,2014-08-01 04:00:00,2014,8
WiiU,1409544000000,199559,2014-09-01 04:00:00,2014,9
WiiU,1412136000000,170733,2014-10-01 04:00:00,2014,10
WiiU,1414814400000,520482,2014-11-01 04:00:00,2014,11
WiiU,1417410000000,1021215,2014-12-01 05:00:00,2014,12
WiiU,1420088400000,151843,2015-01-01 05:00:00,2015,1
WiiU,1422766800000,173567,2015-02-01 05:00:00,2015,2
WiiU,1425186000000,174786,2015-03-01 05:00:00,2015,3
WiiU,1427860800000,131836,2015-04-01 04:00:00,2015,4
WiiU,1430452800000,135050,2015-05-01 04:00:00,2015,5
WiiU,1433131200000,224851,2015-06-01 04:00:00,2015,6
WiiU,1435723200000,136099,2015-07-01 04:00:00,2015,7
WiiU,1438401600000,136883,2015-08-01 04:00:00,2015,8
WiiU,1441080000000,226000,2015-09-01 04:00:00,2015,9
WiiU,1443672000000,167866,2015-10-01 04:00:00,2015,10
WiiU,1446350400000,478594,2015-11-01 04:00:00,2015,11
WiiU,1448946000000,1333937,2015-12-01 05:00:00,2015,12
WiiU,1451624400000,140620,2016-01-01 05:00:00,2016,1
WiiU,1454302800000,118144,2016-02-01 05:00:00,2016,2
WiiU,1456808400000,140374,2016-03-01 05:00:00,2016,3
WiiU,1459483200000,93627,2016-04-01 04:00:00,2016,4
WiiU,1462075200000,74189,2016-05-01 04:00:00,2016,5
WiiU,1464753600000,86499,2016-06-01 04:00:00,2016,6
WiiU,1467345600000,81541,2016-07-01 04:00:00,2016,7
WiiU,1470024000000,64690,2016-08-01 04:00:00,2016,8
WiiU,1472702400000,88308,2016-09-01 04:00:00,2016,9
WiiU,1475294400000,59021,2016-10-01 04:00:00,2016,10
WiiU,1477972800000,108876,2016-11-01 04:00:00,2016,11
WiiU,1480568400000,186841,2016-12-01 05:00:00,2016,12
WiiU,1483246800000,17726,2017-01-01 05:00:00,2017,1
WiiU,1485925200000,11358,2017-02-01 05:00:00,2017,2
WiiU,1488344400000,12378,2017-03-01 05:00:00,2017,3
WiiU,1491019200000,8213,2017-04-01 04:00:00,2017,4
WiiU,1493611200000,7700,2017-05-01 04:00:00,2017,5
WiiU,1496289600000,8750,2017-06-01 04:00:00,2017,6
WiiU,1498881600000,6315,2017-07-01 04:00:00,2017,7
WiiU,1501560000000,6145,2017-08-01 04:00:00,2017,8
WiiU,1504238400000,6833,2017-09-01 04:00:00,2017,9
WiiU,1506830400000,4821,2017-10-01 04:00:00,2017,10
WiiU,1509508800000,4948,2017-11-01 04:00:00,2017,11
WiiU,1512104400000,5783,2017-12-01 05:00:00,2017,12
PS4,1383278400000,2141169,2013-11-01 04:00:00,2013,11
PS4,1385874000000,2305831,2013-12-01 05:00:00,2013,12
PS4,1388552400000,664051,2014-01-01 05:00:00,2014,1
PS4,1391230800000,882374,2014-02-01 05:00:00,2014,2
PS4,1393650000000,909923,2014-03-01 05:00:00,2014,3
PS4,1396324800000,622299,2014-04-01 04:00:00,2014,4
PS4,1398916800000,630329,2014-05-01 04:00:00,2014,5
PS4,1401595200000,795665,2014-06-01 04:00:00,2014,6
PS4,1404187200000,655567,2014-07-01 04:00:00,2014,7
PS4,1406865600000,593882,2014-08-01 04:00:00,2014,8
PS4,1409544000000,1581885,2014-09-01 04:00:00,2014,9
PS4,1412136000000,1084711,2014-10-01 04:00:00,2014,10
PS4,1414814400000,2434754,2014-11-01 04:00:00,2014,11
PS4,1417410000000,2875069,2014-12-01 05:00:00,2014,12
PS4,1420088400000,682215,2015-01-01 05:00:00,2015,1
PS4,1422766800000,962093,2015-02-01 05:00:00,2015,2
PS4,1425186000000,1346318,2015-03-01 05:00:00,2015,3
PS4,1427860800000,796815,2015-04-01 04:00:00,2015,4
PS4,1430452800000,688339,2015-05-01 04:00:00,2015,5
PS4,1433131200000,1148097,2015-06-01 04:00:00,2015,6
PS4,1435723200000,762425,2015-07-01 04:00:00,2015,7
PS4,1438401600000,743018,2015-08-01 04:00:00,2015,8
PS4,1441080000000,1342159,2015-09-01 04:00:00,2015,9
PS4,1443672000000,1105602,2015-10-01 04:00:00,2015,10
PS4,1446350400000,3557197,2015-11-01 04:00:00,2015,11
PS4,1448946000000,4608358,2015-12-01 05:00:00,2015,12
PS4,1451624400000,812262,2016-01-01 05:00:00,2016,1
PS4,1454302800000,999757,2016-02-01 05:00:00,2016,2
PS4,1456808400000,1085421,2016-03-01 05:00:00,2016,3
PS4,1459483200000,676414,2016-04-01 04:00:00,2016,4
PS4,1462075200000,752290,2016-05-01 04:00:00,2016,5
PS4,1464753600000,988496,2016-06-01 04:00:00,2016,6
PS4,1467345600000,748466,2016-07-01 04:00:00,2016,7
PS4,1470024000000,754762,2016-08-01 04:00:00,2016,8
PS4,1472702400000,1454905,2016-09-01 04:00:00,2016,9
PS4,1475294400000,1308030,2016-10-01 04:00:00,2016,10
PS4,1477972800000,3302010,2016-11-01 04:00:00,2016,11
PS4,1480568400000,4884141,2016-12-01 05:00:00,2016,12
PS4,1483246800000,1165413,2017-01-01 05:00:00,2017,1
PS4,1485925200000,1277065,2017-02-01 05:00:00,2017,2
PS4,1488344400000,1497148,2017-03-01 05:00:00,2017,3
PS4,1491019200000,986423,2017-04-01 04:00:00,2017,4
PS4,1493611200000,1128866,2017-05-01 04:00:00,2017,5
PS4,1496289600000,1506027,2017-06-01 04:00:00,2017,6
PS4,1498881600000,1143006,2017-07-01 04:00:00,2017,7
PS4,1501560000000,1042948,2017-08-01 04:00:00,2017,8
PS4,1504238400000,1394603,2017-09-01 04:00:00,2017,9
PS4,1506830400000,1190871,2017-10-01 04:00:00,2017,10
PS4,1509508800000,3506646,2017-11-01 04:00:00,2017,11
PS4,1512104400000,3914512,2017-12-01 05:00:00,2017,12
PS4,1514782800000,1325819,2018-01-01 05:00:00,2018,1
PS4,1517461200000,1322264,2018-02-01 05:00:00,2018,2
PS4,1519880400000,1340878,2018-03-01 05:00:00,2018,3
PS4,1522555200000,1057652,2018-04-01 04:00:00,2018,4
PS4,1525147200000,910073,2018-05-01 04:00:00,2018,5
PS4,1527825600000,1171203,2018-06-01 04:00:00,2018,6
PS4,1530417600000,832752,2018-07-01 04:00:00,2018,7
PS4,1533096000000,1090600,2018-08-01 04:00:00,2018,8
PS4,1535774400000,1267846,2018-09-01 04:00:00,2018,9
PS4,1538366400000,1286830,2018-10-01 04:00:00,2018,10
PS4,1541044800000,3858401,2018-11-01 04:00:00,2018,11
PS4,1543640400000,2781949,2018-12-01 05:00:00,2018,12
PS4,1546318800000,1076311,2019-01-01 05:00:00,2019,1
PS4,1548997200000,982422,2019-02-01 05:00:00,2019,2
PS4,1551416400000,1125732,2019-03-01 05:00:00,2019,3
PS4,1554091200000,799791,2019-04-01 04:00:00,2019,4
PS4,1556683200000,971137,2019-05-01 04:00:00,2019,5
PS4,1559361600000,857879,2019-06-01 04:00:00,2019,6
PS4,1561953600000,722877,2019-07-01 04:00:00,2019,7
PS4,1564632000000,855931,2019-08-01 04:00:00,2019,8
PS4,1567310400000,898042,2019-09-01 04:00:00,2019,9
PS4,1569902400000,877992,2019-10-01 04:00:00,2019,10
PS4,1572580800000,2717161,2019-11-01 04:00:00,2019,11
PS4,1575176400000,2201218,2019-12-01 05:00:00,2019,12
PS4,1577854800000,828972,2020-01-01 05:00:00,2020,1
PS4,1580533200000,612640,2020-02-01 05:00:00,2020,2
PS4,1583038800000,889988,2020-03-01 05:00:00,2020,3
PS4,1585713600000,1168706,2020-04-01 04:00:00,2020,4
PS4,1588305600000,924529,2020-05-01 04:00:00,2020,5
PS4,1590984000000,761155,2020-06-01 04:00:00,2020,6
PS4,1593576000000,686737,2020-07-01 04:00:00,2020,7
PS4,1596254400000,535663,2020-08-01 04:00:00,2020,8
PS4,1598932800000,480263,2020-09-01 04:00:00,2020,9
PS4,1601524800000,496911,2020-10-01 04:00:00,2020,10
PS4,1604203200000,523833,2020-11-01 04:00:00,2020,11
PS4,1606798800000,687496,2020-12-01 05:00:00,2020,12
PS4,1609477200000,327100,2021-01-01 05:00:00,2021,1
PS4,1612155600000,293959,2021-02-01 05:00:00,2021,2
PS4,1614574800000,265421,2021-03-01 05:00:00,2021,3
PS4,1617249600000,258757,2021-04-01 04:00:00,2021,4
PS4,1619841600000,177377,2021-05-01 04:00:00,2021,5
PS4,1622520000000,149952,2021-06-01 04:00:00,2021,6
PS4,1625112000000,147463,2021-07-01 04:00:00,2021,7
PS4,1627790400000,108814,2021-08-01 04:00:00,2021,8
PS4,1630468800000,109229,2021-09-01 04:00:00,2021,9
PS4,1633060800000,132856,2021-10-01 04:00:00,2021,10
PS4,1635739200000,111043,2021-11-01 04:00:00,2021,11
PS4,1638334800000,125746,2021-12-01 05:00:00,2021,12
PS4,1641013200000,71234,2022-01-01 05:00:00,2022,1
PS4,1643691600000,68748,2022-02-01 05:00:00,2022,2
PS4,1646110800000,63986,2022-03-01 05:00:00,2022,3
PS4,1648785600000,75463,2022-04-01 04:00:00,2022,4
PS4,1651377600000,45656,2022-05-01 04:00:00,2022,5
PS4,1654056000000,36091,2022-06-01 04:00:00,2022,6
PS4,1656648000000,37659,2022-07-01 04:00:00,2022,7
PS4,1659326400000,16896,2022-08-01 04:00:00,2022,8
XOne,1383278400000,1566008,2013-11-01 04:00:00,2013,11
XOne,1385874000000,1498839,2013-12-01 05:00:00,2013,12
XOne,1388552400000,260676,2014-01-01 05:00:00,2014,1
XOne,1391230800000,251622,2014-02-01 05:00:00,2014,2
XOne,1393650000000,436034,2014-03-01 05:00:00,2014,3
XOne,1396324800000,206423,2014-04-01 04:00:00,2014,4
XOne,1398916800000,170790,2014-05-01 04:00:00,2014,5
XOne,1401595200000,318262,2014-06-01 04:00:00,2014,6
XOne,1404187200000,231080,2014-07-01 04:00:00,2014,7
XOne,1406865600000,244648,2014-08-01 04:00:00,2014,8
XOne,1409544000000,747094,2014-09-01 04:00:00,2014,9
XOne,1412136000000,489273,2014-10-01 04:00:00,2014,10
XOne,1414814400000,2046799,2014-11-01 04:00:00,2014,11
XOne,1417410000000,2247860,2014-12-01 05:00:00,2014,12
XOne,1420088400000,316206,2015-01-01 05:00:00,2015,1
XOne,1422766800000,432284,2015-02-01 05:00:00,2015,2
XOne,1425186000000,431894,2015-03-01 05:00:00,2015,3
XOne,1427860800000,333946,2015-04-01 04:00:00,2015,4
XOne,1430452800000,268819,2015-05-01 04:00:00,2015,5
XOne,1433131200000,501909,2015-06-01 04:00:00,2015,6
XOne,1435723200000,338022,2015-07-01 04:00:00,2015,7
XOne,1438401600000,355375,2015-08-01 04:00:00,2015,8
XOne,1441080000000,563664,2015-09-01 04:00:00,2015,9
XOne,1443672000000,553556,2015-10-01 04:00:00,2015,10
XOne,1446350400000,1922613,2015-11-01 04:00:00,2015,11
XOne,1448946000000,2363669,2015-12-01 05:00:00,2015,12
XOne,1451624400000,282735,2016-01-01 05:00:00,2016,1
XOne,1454302800000,409981,2016-02-01 05:00:00,2016,2
XOne,1456808400000,465161,2016-03-01 05:00:00,2016,3
XOne,1459483200000,309059,2016-04-01 04:00:00,2016,4
XOne,1462075200000,236190,2016-05-01 04:00:00,2016,5
XOne,1464753600000,417545,2016-06-01 04:00:00,2016,6
XOne,1467345600000,337790,2016-07-01 04:00:00,2016,7
XOne,1470024000000,458471,2016-08-01 04:00:00,2016,8
XOne,1472702400000,642397,2016-09-01 04:00:00,2016,9
XOne,1475294400000,703948,2016-10-01 04:00:00,2016,10
XOne,1477972800000,1538078,2016-11-01 04:00:00,2016,11
XOne,1480568400000,2320007,2016-12-01 05:00:00,2016,12
XOne,1483246800000,345165,2017-01-01 05:00:00,2017,1
XOne,1485925200000,393800,2017-02-01 05:00:00,2017,2
XOne,1488344400000,450501,2017-03-01 05:00:00,2017,3
XOne,1491019200000,258202,2017-04-01 04:00:00,2017,4
XOne,1493611200000,253067,2017-05-01 04:00:00,2017,5
XOne,1496289600000,358221,2017-06-01 04:00:00,2017,6
XOne,1498881600000,239405,2017-07-01 04:00:00,2017,7
XOne,1501560000000,266439,2017-08-01 04:00:00,2017,8
XOne,1504238400000,428154,2017-09-01 04:00:00,2017,9
XOne,1506830400000,383020,2017-10-01 04:00:00,2017,10
XOne,1509508800000,2163048,2017-11-01 04:00:00,2017,11
XOne,1512104400000,2111960,2017-12-01 05:00:00,2017,12
XOne,1514782800000,338819,2018-01-01 05:00:00,2018,1
XOne,1517461200000,422050,2018-02-01 05:00:00,2018,2
XOne,1519880400000,506914,2018-03-01 05:00:00,2018,3
XOne,1522555200000,263885,2018-04-01 04:00:00,2018,4
XOne,1525147200000,259401,2018-05-01 04:00:00,2018,5
XOne,1527825600000,413216,2018-06-01 04:00:00,2018,6
XOne,1530417600000,284704,2018-07-01 04:00:00,2018,7
XOne,1533096000000,388259,2018-08-01 04:00:00,2018,8
XOne,1535774400000,319929,2018-09-01 04:00:00,2018,9
XOne,1538366400000,391597,2018-10-01 04:00:00,2018,10
XOne,1541044800000,2007001,2018-11-01 04:00:00,2018,11
XOne,1543640400000,1513868,2018-12-01 05:00:00,2018,12
XOne,1546318800000,289174,2019-01-01 05:00:00,2019,1
XOne,1548997200000,294716,2019-02-01 05:00:00,2019,2
XOne,1551416400000,351744,2019-03-01 05:00:00,2019,3
XOne,1554091200000,206623,2019-04-01 04:00:00,2019,4
XOne,1556683200000,235269,2019-05-01 04:00:00,2019,5
XOne,1559361600000,254268,2019-06-01 04:00:00,2019,6
XOne,1561953600000,195204,2019-07-01 04:00:00,2019,7
XOne,1564632000000,196333,2019-08-01 04:00:00,2019,8
XOne,1567310400000,250326,2019-09-01 04:00:00,2019,9
XOne,1569902400000,229946,2019-10-01 04:00:00,2019,10
XOne,1572580800000,1307241,2019-11-01 04:00:00,2019,11
XOne,1575176400000,1301535,2019-12-01 05:00:00,2019,12
XOne,1577854800000,221900,2020-01-01 05:00:00,2020,1
XOne,1580533200000,199304,2020-02-01 05:00:00,2020,2
XOne,1583038800000,363383,2020-03-01 05:00:00,2020,3
XOne,1585713600000,423047,2020-04-01 04:00:00,2020,4
XOne,1588305600000,334712,2020-05-01 04:00:00,2020,5
XOne,1590984000000,198127,2020-06-01 04:00:00,2020,6
XOne,1593576000000,153445,2020-07-01 04:00:00,2020,7
XOne,1596254400000,103580,2020-08-01 04:00:00,2020,8
XOne,1598932800000,132489,2020-09-01 04:00:00,2020,9
XOne,1601524800000,162097,2020-10-01 04:00:00,2020,10
XOne,1604203200000,238022,2020-11-01 04:00:00,2020,11
XOne,1606798800000,389376,2020-12-01 05:00:00,2020,12
XOne,1609477200000,76415,2021-01-01 05:00:00,2021,1
XOne,1612155600000,70946,2021-02-01 05:00:00,2021,2
XOne,1614574800000,60344,2021-03-01 05:00:00,2021,3
XOne,1617249600000,61000,2021-04-01 04:00:00,2021,4
XOne,1619841600000,45694,2021-05-01 04:00:00,2021,5
XOne,1622520000000,38679,2021-06-01 04:00:00,2021,6
XOne,1625112000000,32284,2021-07-01 04:00:00,2021,7
XOne,1627790400000,18501,2021-08-01 04:00:00,2021,8
XOne,1630468800000,18678,2021-09-01 04:00:00,2021,9
XOne,1633060800000,20967,2021-10-01 04:00:00,2021,10
XOne,1635739200000,18216,2021-11-01 04:00:00,2021,11
XOne,1638334800000,26055,2021-12-01 05:00:00,2021,12
XOne,1641013200000,9109,2022-01-01 05:00:00,2022,1
XOne,1643691600000,7022,2022-02-01 05:00:00,2022,2
XOne,1646110800000,5511,2022-03-01 05:00:00,2022,3
XOne,1648785600000,4973,2022-04-01 04:00:00,2022,4
XOne,1651377600000,2484,2022-05-01 04:00:00,2022,5
XOne,1654056000000,2030,2022-06-01 04:00:00,2022,6
XOne,1656648000000,2281,2022-07-01 04:00:00,2022,7
XOne,1659326400000,1424,2022-08-01 04:00:00,2022,8
NS,1488344400000,2334638,2017-03-01 05:00:00,2017,3
NS,1491019200000,750043,2017-04-01 04:00:00,2017,4
NS,1493611200000,497849,2017-05-01 04:00:00,2017,5
NS,1496289600000,627621,2017-06-01 04:00:00,2017,6
NS,1498881600000,669355,2017-07-01 04:00:00,2017,7
NS,1501560000000,634505,2017-08-01 04:00:00,2017,8
NS,1504238400000,839708,2017-09-01 04:00:00,2017,9
NS,1506830400000,800055,2017-10-01 04:00:00,2017,10
NS,1509508800000,1690994,2017-11-01 04:00:00,2017,11
NS,1512104400000,4278500,2017-12-01 05:00:00,2017,12
NS,1514782800000,952507,2018-01-01 05:00:00,2018,1
NS,1517461200000,798466,2018-02-01 05:00:00,2018,2
NS,1519880400000,963830,2018-03-01 05:00:00,2018,3
NS,1522555200000,627706,2018-04-01 04:00:00,2018,4
NS,1525147200000,645422,2018-05-01 04:00:00,2018,5
NS,1527825600000,985211,2018-06-01 04:00:00,2018,6
NS,1530417600000,805477,2018-07-01 04:00:00,2018,7
NS,1533096000000,949768,2018-08-01 04:00:00,2018,8
NS,1535774400000,752970,2018-09-01 04:00:00,2018,9
NS,1538366400000,849963,2018-10-01 04:00:00,2018,10
NS,1541044800000,3285300,2018-11-01 04:00:00,2018,11
NS,1543640400000,4715974,2018-12-01 05:00:00,2018,12
NS,1546318800000,1143851,2019-01-01 05:00:00,2019,1
NS,1548997200000,968378,2019-02-01 05:00:00,2019,2
NS,1551416400000,1161591,2019-03-01 05:00:00,2019,3
NS,1554091200000,781233,2019-04-01 04:00:00,2019,4
NS,1556683200000,896366,2019-05-01 04:00:00,2019,5
NS,1559361600000,896092,2019-06-01 04:00:00,2019,6
NS,1561953600000,880171,2019-07-01 04:00:00,2019,7
NS,1564632000000,970916,2019-08-01 04:00:00,2019,8
NS,1567310400000,1571647,2019-09-01 04:00:00,2019,9
NS,1569902400000,1208657,2019-10-01 04:00:00,2019,10
NS,1572580800000,3826740,2019-11-01 04:00:00,2019,11
NS,1575176400000,4991666,2019-12-01 05:00:00,2019,12
NS,1577854800000,1529926,2020-01-01 05:00:00,2020,1
NS,1580533200000,1026597,2020-02-01 05:00:00,2020,2
NS,1583038800000,2352862,2020-03-01 05:00:00,2020,3
NS,1585713600000,2146090,2020-04-01 04:00:00,2020,4
NS,1588305600000,2102479,2020-05-01 04:00:00,2020,5
NS,1590984000000,1508483,2020-06-01 04:00:00,2020,6
NS,1593576000000,1894640,2020-07-01 04:00:00,2020,7
NS,1596254400000,1662087,2020-08-01 04:00:00,2020,8
NS,1598932800000,1704900,2020-09-01 04:00:00,2020,9
NS,1601524800000,2473058,2020-10-01 04:00:00,2020,10
NS,1604203200000,3678096,2020-11-01 04:00:00,2020,11
NS,1606798800000,6129658,2020-12-01 05:00:00,2020,12
NS,1609477200000,1601931,2021-01-01 05:00:00,2021,1
NS,1612155600000,1668701,2021-02-01 05:00:00,2021,2
NS,1614574800000,2066673,2021-03-01 05:00:00,2021,3
NS,1617249600000,2129783,2021-04-01 04:00:00,2021,4
NS,1619841600000,1440983,2021-05-01 04:00:00,2021,5
NS,1622520000000,1355309,2021-06-01 04:00:00,2021,6
NS,1625112000000,1574518,2021-07-01 04:00:00,2021,7
NS,1627790400000,1180788,2021-08-01 04:00:00,2021,8
NS,1630468800000,1108368,2021-09-01 04:00:00,2021,9
NS,1633060800000,2478490,2021-10-01 04:00:00,2021,10
NS,1635739200000,3317006,2021-11-01 04:00:00,2021,11
NS,1638334800000,4945259,2021-12-01 05:00:00,2021,12
NS,1641013200000,1314917,2022-01-01 05:00:00,2022,1
NS,1643691600000,1396986,2022-02-01 05:00:00,2022,2
NS,1646110800000,1301121,2022-03-01 05:00:00,2022,3
NS,1648785600000,1452329,2022-04-01 04:00:00,2022,4
NS,1651377600000,1073506,2022-05-01 04:00:00,2022,5
NS,1654056000000,1083148,2022-06-01 04:00:00,2022,6
NS,1656648000000,1445386,2022-07-01 04:00:00,2022,7
NS,1659326400000,1175522,2022-08-01 04:00:00,2022,8
PS5,1601524800000,0,2020-10-01 04:00:00,2020,10
PS5,1604203200000,2803824,2020-11-01 04:00:00,2020,11
PS5,1606798800000,1586205,2020-12-01 05:00:00,2020,12
PS5,1609477200000,611493,2021-01-01 05:00:00,2021,1
PS5,1612155600000,863778,2021-02-01 05:00:00,2021,2
PS5,1614574800000,1128018,2021-03-01 05:00:00,2021,3
PS5,1617249600000,966799,2021-04-01 04:00:00,2021,4
PS5,1619841600000,768057,2021-05-01 04:00:00,2021,5
PS5,1622520000000,778350,2021-06-01 04:00:00,2021,6
PS5,1625112000000,1068404,2021-07-01 04:00:00,2021,7
PS5,1627790400000,919570,2021-08-01 04:00:00,2021,8
PS5,1630468800000,1042383,2021-09-01 04:00:00,2021,9
PS5,1633060800000,1216004,2021-10-01 04:00:00,2021,10
PS5,1635739200000,1218827,2021-11-01 04:00:00,2021,11
PS5,1638334800000,2008270,2021-12-01 05:00:00,2021,12
PS5,1641013200000,697099,2022-01-01 05:00:00,2022,1
PS5,1643691600000,376867,2022-02-01 05:00:00,2022,2
PS5,1646110800000,536424,2022-03-01 05:00:00,2022,3
PS5,1648785600000,884914,2022-04-01 04:00:00,2022,4
PS5,1651377600000,543305,2022-05-01 04:00:00,2022,5
PS5,1654056000000,703691,2022-06-01 04:00:00,2022,6
PS5,1656648000000,1107426,2022-07-01 04:00:00,2022,7
PS5,1659326400000,885979,2022-08-01 04:00:00,2022,8
XS,1601524800000,0,2020-10-01 04:00:00,2020,10
XS,1604203200000,1698832,2020-11-01 04:00:00,2020,11
XS,1606798800000,1337636,2020-12-01 05:00:00,2020,12
XS,1609477200000,345313,2021-01-01 05:00:00,2021,1
XS,1612155600000,350745,2021-02-01 05:00:00,2021,2
XS,1614574800000,556429,2021-03-01 05:00:00,2021,3
XS,1617249600000,489205,2021-04-01 04:00:00,2021,4
XS,1619841600000,393140,2021-05-01 04:00:00,2021,5
XS,1622520000000,613010,2021-06-01 04:00:00,2021,6
XS,1625112000000,644522,2021-07-01 04:00:00,2021,7
XS,1627790400000,516499,2021-08-01 04:00:00,2021,8
XS,1630468800000,572533,2021-09-01 04:00:00,2021,9
XS,1633060800000,779022,2021-10-01 04:00:00,2021,10
XS,1635739200000,1346068,2021-11-01 04:00:00,2021,11
XS,1638334800000,1947860,2021-12-01 05:00:00,2021,12
XS,1641013200000,580340,2022-01-01 05:00:00,2022,1
XS,1643691600000,524449,2022-02-01 05:00:00,2022,2
XS,1646110800000,720133,2022-03-01 05:00:00,2022,3
XS,1648785600000,751244,2022-04-01 04:00:00,2022,4
XS,1651377600000,487493,2022-05-01 04:00:00,2022,5
XS,1654056000000,557273,2022-06-01 04:00:00,2022,6
XS,1656648000000,793557,2022-07-01 04:00:00,2022,7
XS,1659326400000,675075,2022-08-01 04:00:00,2022,8
